{
  "Test" : {
    "transaction" : "Test",
    "sampleCount" : 10000,
    "errorCount" : 10000,
    "errorPct" : 100.0,
    "meanResTime" : 2779.617200000002,
    "medianResTime" : 1.0,
    "minResTime" : 0.0,
    "maxResTime" : 13022.0,
    "pct1ResTime" : 10860.9,
    "pct2ResTime" : 12785.899999999998,
    "pct3ResTime" : 12985.99,
    "throughput" : 734.2143906020558,
    "receivedKBytesPerSec" : 6304.674737288914,
    "sentKBytesPerSec" : 203.02081899320854
  },
  "Total" : {
    "transaction" : "Total",
    "sampleCount" : 40000,
    "errorCount" : 36678,
    "errorPct" : 91.695,
    "meanResTime" : 694.9040750000049,
    "medianResTime" : 0.0,
    "minResTime" : 0.0,
    "maxResTime" : 12920.0,
    "pct1ResTime" : 692.9000000000015,
    "pct2ResTime" : 1068.0,
    "pct3ResTime" : 1433.0,
    "throughput" : 2886.002886002886,
    "receivedKBytesPerSec" : 6195.502880366162,
    "sentKBytesPerSec" : 199.5053069760101
  },
  "OPTIONS: title page" : {
    "transaction" : "OPTIONS: title page",
    "sampleCount" : 10000,
    "errorCount" : 10000,
    "errorPct" : 100.0,
    "meanResTime" : 246.24669999999952,
    "medianResTime" : 0.0,
    "minResTime" : 0.0,
    "maxResTime" : 1469.0,
    "pct1ResTime" : 1051.0,
    "pct2ResTime" : 1250.0,
    "pct3ResTime" : 1436.0,
    "throughput" : 4297.378599054577,
    "receivedKBytesPerSec" : 10784.64341829609,
    "sentKBytesPerSec" : 0.0
  },
  "GET: Search Preview " : {
    "transaction" : "GET: Search Preview ",
    "sampleCount" : 10000,
    "errorCount" : 9999,
    "errorPct" : 99.99,
    "meanResTime" : 2478.691599999999,
    "medianResTime" : 0.0,
    "minResTime" : 0.0,
    "maxResTime" : 12920.0,
    "pct1ResTime" : 9781.8,
    "pct2ResTime" : 11153.0,
    "pct3ResTime" : 11407.99,
    "throughput" : 727.6431637924762,
    "receivedKBytesPerSec" : 1311.1655848659318,
    "sentKBytesPerSec" : 109.40498685694536
  },
  "GET: title page" : {
    "transaction" : "GET: title page",
    "sampleCount" : 10000,
    "errorCount" : 10000,
    "errorPct" : 100.0,
    "meanResTime" : 18.276600000000045,
    "medianResTime" : 0.0,
    "minResTime" : 0.0,
    "maxResTime" : 532.0,
    "pct1ResTime" : 1.0,
    "pct2ResTime" : 3.0,
    "pct3ResTime" : 495.0,
    "throughput" : 7369.196757553426,
    "receivedKBytesPerSec" : 18399.006022015474,
    "sentKBytesPerSec" : 0.0
  },
  "OPTIONS: Search Preview " : {
    "transaction" : "OPTIONS: Search Preview ",
    "sampleCount" : 10000,
    "errorCount" : 6679,
    "errorPct" : 66.79,
    "meanResTime" : 36.40139999999991,
    "medianResTime" : 0.0,
    "minResTime" : 0.0,
    "maxResTime" : 1486.0,
    "pct1ResTime" : 16.0,
    "pct2ResTime" : 280.9499999999989,
    "pct3ResTime" : 924.8999999999978,
    "throughput" : 738.061849582995,
    "receivedKBytesPerSec" : 1312.790972235036,
    "sentKBytesPerSec" : 93.11320542567718
  }
}