{
  "Total" : {
    "transaction" : "Total",
    "sampleCount" : 391506,
    "errorCount" : 47,
    "errorPct" : 0.012004925,
    "meanResTime" : 33.383690160559105,
    "medianResTime" : 19.0,
    "minResTime" : 0.0,
    "maxResTime" : 15869.0,
    "pct1ResTime" : 56.0,
    "pct2ResTime" : 68.0,
    "pct3ResTime" : 102.9900000000016,
    "throughput" : 648.5011818607971,
    "receivedKBytesPerSec" : 564.9060154861448,
    "sentKBytesPerSec" : 96.34067476528428
  },
  "GET title/:titleId" : {
    "transaction" : "GET title/:titleId",
    "sampleCount" : 174089,
    "errorCount" : 0,
    "errorPct" : 0.0,
    "meanResTime" : 27.72087265708906,
    "medianResTime" : 19.0,
    "minResTime" : 1.0,
    "maxResTime" : 368.0,
    "pct1ResTime" : 57.0,
    "pct2ResTime" : 72.0,
    "pct3ResTime" : 131.0,
    "throughput" : 290.5158358657035,
    "receivedKBytesPerSec" : 271.75891989043225,
    "sentKBytesPerSec" : 38.31240399313465
  },
  "Transaction Controller" : {
    "transaction" : "Transaction Controller",
    "sampleCount" : 195683,
    "errorCount" : 38,
    "errorPct" : 0.019419163,
    "meanResTime" : 66.68003352360589,
    "medianResTime" : 37.0,
    "minResTime" : 2.0,
    "maxResTime" : 29415.0,
    "pct1ResTime" : 113.0,
    "pct2ResTime" : 148.0,
    "pct3ResTime" : 310.0,
    "throughput" : 326.1117008777616,
    "receivedKBytesPerSec" : 568.3068467377248,
    "sentKBytesPerSec" : 96.91982576631243
  },
  "GET search/:title" : {
    "transaction" : "GET search/:title",
    "sampleCount" : 217417,
    "errorCount" : 47,
    "errorPct" : 0.021617444,
    "meanResTime" : 37.917991693381346,
    "medianResTime" : 19.0,
    "minResTime" : 0.0,
    "maxResTime" : 15869.0,
    "pct1ResTime" : 59.0,
    "pct2ResTime" : 78.0,
    "pct3ResTime" : 174.0,
    "throughput" : 360.1354294867229,
    "receivedKBytesPerSec" : 295.1583607152825,
    "sentKBytesPerSec" : 58.31181768140777
  }
}