{
  "Total" : {
    "transaction" : "Total",
    "sampleCount" : 2003,
    "errorCount" : 0,
    "errorPct" : 0.0,
    "meanResTime" : 17.03444832750872,
    "medianResTime" : 5.0,
    "minResTime" : 2.0,
    "maxResTime" : 437.0,
    "pct1ResTime" : 49.0,
    "pct2ResTime" : 94.79999999999995,
    "pct3ResTime" : 158.0,
    "throughput" : 203.5569105691057,
    "receivedKBytesPerSec" : 179.94950457317074,
    "sentKBytesPerSec" : 30.043786521849594
  },
  "GET title/:titleId" : {
    "transaction" : "GET title/:titleId",
    "sampleCount" : 894,
    "errorCount" : 0,
    "errorPct" : 0.0,
    "meanResTime" : 12.223713646532467,
    "medianResTime" : 6.0,
    "minResTime" : 2.0,
    "maxResTime" : 101.0,
    "pct1ResTime" : 36.0,
    "pct2ResTime" : 55.0,
    "pct3ResTime" : 71.0,
    "throughput" : 92.49870667356441,
    "receivedKBytesPerSec" : 86.60810996508019,
    "sentKBytesPerSec" : 12.198897439213658
  },
  "Transaction Controller" : {
    "transaction" : "Transaction Controller",
    "sampleCount" : 1000,
    "errorCount" : 0,
    "errorPct" : 0.0,
    "meanResTime" : 34.11999999999998,
    "medianResTime" : 11.0,
    "minResTime" : 2.0,
    "maxResTime" : 441.0,
    "pct1ResTime" : 114.0,
    "pct2ResTime" : 168.94999999999993,
    "pct3ResTime" : 227.98000000000002,
    "throughput" : 98.73617693522907,
    "receivedKBytesPerSec" : 174.83245704976304,
    "sentKBytesPerSec" : 29.18946083876382
  },
  "GET search/:title" : {
    "transaction" : "GET search/:title",
    "sampleCount" : 1109,
    "errorCount" : 0,
    "errorPct" : 0.0,
    "meanResTime" : 20.91253381424708,
    "medianResTime" : 5.0,
    "minResTime" : 2.0,
    "maxResTime" : 437.0,
    "pct1ResTime" : 70.0,
    "pct2ResTime" : 113.5,
    "pct3ResTime" : 168.0,
    "throughput" : 112.73762325912372,
    "receivedKBytesPerSec" : 94.91061728042087,
    "sentKBytesPerSec" : 18.067349357019417
  }
}