{
  "Total" : {
    "transaction" : "Total",
    "sampleCount" : 234490,
    "errorCount" : 23,
    "errorPct" : 0.009808521,
    "meanResTime" : 9.738705275278148,
    "medianResTime" : 4.0,
    "minResTime" : 0.0,
    "maxResTime" : 9801.0,
    "pct1ResTime" : 10.0,
    "pct2ResTime" : 14.0,
    "pct3ResTime" : 34.0,
    "throughput" : 391.1113038488995,
    "receivedKBytesPerSec" : 340.57278064840096,
    "sentKBytesPerSec" : 58.11942946238249
  },
  "GET title/:titleId" : {
    "transaction" : "GET title/:titleId",
    "sampleCount" : 104033,
    "errorCount" : 0,
    "errorPct" : 0.0,
    "meanResTime" : 6.459988657445237,
    "medianResTime" : 4.0,
    "minResTime" : 1.0,
    "maxResTime" : 261.0,
    "pct1ResTime" : 9.0,
    "pct2ResTime" : 12.0,
    "pct3ResTime" : 25.0,
    "throughput" : 173.5804290081023,
    "receivedKBytesPerSec" : 162.35316856122859,
    "sentKBytesPerSec" : 22.89124443550863
  },
  "Transaction Controller" : {
    "transaction" : "Transaction Controller",
    "sampleCount" : 117287,
    "errorCount" : 22,
    "errorPct" : 0.018757407,
    "meanResTime" : 19.470529555705273,
    "medianResTime" : 9.0,
    "minResTime" : 0.0,
    "maxResTime" : 24070.0,
    "pct1ResTime" : 21.0,
    "pct2ResTime" : 32.0,
    "pct3ResTime" : 79.9900000000016,
    "throughput" : 195.47703015313232,
    "receivedKBytesPerSec" : 340.31394706066544,
    "sentKBytesPerSec" : 58.075258990460895
  },
  "GET search/:title" : {
    "transaction" : "GET search/:title",
    "sampleCount" : 130457,
    "errorCount" : 23,
    "errorPct" : 0.017630331,
    "meanResTime" : 12.353319484581077,
    "medianResTime" : 4.0,
    "minResTime" : 0.0,
    "maxResTime" : 9801.0,
    "pct1ResTime" : 11.0,
    "pct2ResTime" : 18.0,
    "pct3ResTime" : 50.0,
    "throughput" : 217.5937045487904,
    "receivedKBytesPerSec" : 178.27820953820736,
    "sentKBytesPerSec" : 35.23651445150398
  }
}