{
  "Total" : {
    "transaction" : "Total",
    "sampleCount" : 100,
    "errorCount" : 0,
    "errorPct" : 0.0,
    "meanResTime" : 25.09,
    "medianResTime" : 13.0,
    "minResTime" : 5.0,
    "maxResTime" : 519.0,
    "pct1ResTime" : 39.80000000000001,
    "pct2ResTime" : 78.79999999999995,
    "pct3ResTime" : 516.5799999999988,
    "throughput" : 0.9846105373019702,
    "receivedKBytesPerSec" : 0.8770341438319073,
    "sentKBytesPerSec" : 0.14887426708053128
  },
  "GET: Search" : {
    "transaction" : "GET: Search",
    "sampleCount" : 100,
    "errorCount" : 0,
    "errorPct" : 0.0,
    "meanResTime" : 25.09,
    "medianResTime" : 13.0,
    "minResTime" : 5.0,
    "maxResTime" : 519.0,
    "pct1ResTime" : 39.80000000000001,
    "pct2ResTime" : 78.79999999999995,
    "pct3ResTime" : 516.5799999999988,
    "throughput" : 0.9846105373019702,
    "receivedKBytesPerSec" : 0.8770341438319073,
    "sentKBytesPerSec" : 0.14887426708053128
  }
}