{
  "Total" : {
    "transaction" : "Total",
    "sampleCount" : 20052,
    "errorCount" : 2,
    "errorPct" : 0.009974067,
    "meanResTime" : 6.211450229403552,
    "medianResTime" : 3.0,
    "minResTime" : 0.0,
    "maxResTime" : 4429.0,
    "pct1ResTime" : 5.0,
    "pct2ResTime" : 10.0,
    "pct3ResTime" : 28.0,
    "throughput" : 90.34589338896224,
    "receivedKBytesPerSec" : 59.57495007957981,
    "sentKBytesPerSec" : 13.424041691259625
  },
  "GET title/:titleId" : {
    "transaction" : "GET title/:titleId",
    "sampleCount" : 8925,
    "errorCount" : 0,
    "errorPct" : 0.0,
    "meanResTime" : 4.200112044817923,
    "medianResTime" : 3.0,
    "minResTime" : 1.0,
    "maxResTime" : 57.0,
    "pct1ResTime" : 6.0,
    "pct2ResTime" : 10.0,
    "pct3ResTime" : 14.0,
    "throughput" : 40.41424030284643,
    "receivedKBytesPerSec" : 37.78285280811047,
    "sentKBytesPerSec" : 5.329729647694237
  },
  "GET search/:title" : {
    "transaction" : "GET search/:title",
    "sampleCount" : 11127,
    "errorCount" : 2,
    "errorPct" : 0.017974297,
    "meanResTime" : 7.824750606632549,
    "medianResTime" : 3.0,
    "minResTime" : 0.0,
    "maxResTime" : 4429.0,
    "pct1ResTime" : 5.0,
    "pct2ResTime" : 9.0,
    "pct3ResTime" : 125.0,
    "throughput" : 50.37212081703607,
    "receivedKBytesPerSec" : 22.08546916591971,
    "sentKBytesPerSec" : 8.159581637116561
  }
}