{
  "Total" : {
    "transaction" : "Total",
    "sampleCount" : 100066,
    "errorCount" : 15,
    "errorPct" : 0.014990106,
    "meanResTime" : 9.129874282973216,
    "medianResTime" : 3.0,
    "minResTime" : 0.0,
    "maxResTime" : 7117.0,
    "pct1ResTime" : 7.0,
    "pct2ResTime" : 11.0,
    "pct3ResTime" : 53.0,
    "throughput" : 454.08177156600266,
    "receivedKBytesPerSec" : 403.781007864614,
    "sentKBytesPerSec" : 65.72227957525979
  },
  "GET title/:titleId" : {
    "transaction" : "GET title/:titleId",
    "sampleCount" : 44524,
    "errorCount" : 0,
    "errorPct" : 0.0,
    "meanResTime" : 5.746339053094988,
    "medianResTime" : 4.0,
    "minResTime" : 1.0,
    "maxResTime" : 163.0,
    "pct1ResTime" : 9.0,
    "pct2ResTime" : 15.0,
    "pct3ResTime" : 41.0,
    "throughput" : 203.10746576404793,
    "receivedKBytesPerSec" : 190.03518055558723,
    "sentKBytesPerSec" : 26.78513133855502
  },
  "GET search/:title" : {
    "transaction" : "GET search/:title",
    "sampleCount" : 55542,
    "errorCount" : 15,
    "errorPct" : 0.027006589,
    "meanResTime" : 11.842209499117814,
    "medianResTime" : 3.0,
    "minResTime" : 0.0,
    "maxResTime" : 7117.0,
    "pct1ResTime" : 9.0,
    "pct2ResTime" : 17.0,
    "pct3ResTime" : 69.0,
    "throughput" : 253.19675606187002,
    "receivedKBytesPerSec" : 215.72848945725806,
    "sentKBytesPerSec" : 39.25704411751298
  }
}