{
  "Total" : {
    "transaction" : "Total",
    "sampleCount" : 117940,
    "errorCount" : 11,
    "errorPct" : 0.0093267765,
    "meanResTime" : 6.84307274885535,
    "medianResTime" : 4.0,
    "minResTime" : 0.0,
    "maxResTime" : 7281.0,
    "pct1ResTime" : 6.0,
    "pct2ResTime" : 9.0,
    "pct3ResTime" : 24.0,
    "throughput" : 196.65745685925,
    "receivedKBytesPerSec" : 171.40272955962587,
    "sentKBytesPerSec" : 29.217556154570527
  },
  "GET title/:titleId" : {
    "transaction" : "GET title/:titleId",
    "sampleCount" : 52426,
    "errorCount" : 0,
    "errorPct" : 0.0,
    "meanResTime" : 4.762159996948017,
    "medianResTime" : 4.0,
    "minResTime" : 1.0,
    "maxResTime" : 98.0,
    "pct1ResTime" : 6.0,
    "pct2ResTime" : 7.0,
    "pct3ResTime" : 12.0,
    "throughput" : 87.44195666097353,
    "receivedKBytesPerSec" : 81.82308350130597,
    "sentKBytesPerSec" : 11.53157573800938
  },
  "Transaction Controller" : {
    "transaction" : "Transaction Controller",
    "sampleCount" : 59030,
    "errorCount" : 11,
    "errorPct" : 0.018634593,
    "meanResTime" : 13.672149754362188,
    "medianResTime" : 8.0,
    "minResTime" : 1.0,
    "maxResTime" : 16807.0,
    "pct1ResTime" : 13.0,
    "pct2ResTime" : 18.0,
    "pct3ResTime" : 50.0,
    "throughput" : 98.38300538998203,
    "receivedKBytesPerSec" : 171.31889182765227,
    "sentKBytesPerSec" : 29.203232734015888
  },
  "GET search/:title" : {
    "transaction" : "GET search/:title",
    "sampleCount" : 65514,
    "errorCount" : 11,
    "errorPct" : 0.016790304,
    "meanResTime" : 8.508273040876682,
    "medianResTime" : 3.0,
    "minResTime" : 0.0,
    "maxResTime" : 7281.0,
    "pct1ResTime" : 7.0,
    "pct2ResTime" : 10.0,
    "pct3ResTime" : 35.0,
    "throughput" : 109.24116127719816,
    "receivedKBytesPerSec" : 89.60357404103004,
    "sentKBytesPerSec" : 17.68938641732628
  }
}