{
  "Total" : {
    "transaction" : "Total",
    "sampleCount" : 29934,
    "errorCount" : 2,
    "errorPct" : 0.006681366,
    "meanResTime" : 6.258869512928425,
    "medianResTime" : 3.0,
    "minResTime" : 0.0,
    "maxResTime" : 4761.0,
    "pct1ResTime" : 5.0,
    "pct2ResTime" : 8.0,
    "pct3ResTime" : 25.0,
    "throughput" : 140.2494447932382,
    "receivedKBytesPerSec" : 91.69735378530366,
    "sentKBytesPerSec" : 20.864718059798346
  },
  "GET title/:titleId" : {
    "transaction" : "GET title/:titleId",
    "sampleCount" : 13276,
    "errorCount" : 0,
    "errorPct" : 0.0,
    "meanResTime" : 3.8770714070503174,
    "medianResTime" : 3.0,
    "minResTime" : 1.0,
    "maxResTime" : 64.0,
    "pct1ResTime" : 5.0,
    "pct2ResTime" : 7.0,
    "pct3ResTime" : 16.0,
    "throughput" : 62.53856843394494,
    "receivedKBytesPerSec" : 58.46463039074829,
    "sentKBytesPerSec" : 8.247379333796546
  },
  "GET search/:title" : {
    "transaction" : "GET search/:title",
    "sampleCount" : 16658,
    "errorCount" : 2,
    "errorPct" : 0.012006244,
    "meanResTime" : 8.15710169288031,
    "medianResTime" : 3.0,
    "minResTime" : 0.0,
    "maxResTime" : 4761.0,
    "pct1ResTime" : 6.0,
    "pct2ResTime" : 11.0,
    "pct3ResTime" : 121.40999999999985,
    "throughput" : 78.41752696220348,
    "receivedKBytesPerSec" : 33.70649185514318,
    "sentKBytesPerSec" : 12.72176000461335
  }
}