{
  "GET: Click Title" : {
    "transaction" : "GET: Click Title",
    "sampleCount" : 100,
    "errorCount" : 0,
    "errorPct" : 0.0,
    "meanResTime" : 16.28,
    "medianResTime" : 16.0,
    "minResTime" : 5.0,
    "maxResTime" : 79.0,
    "pct1ResTime" : 22.900000000000006,
    "pct2ResTime" : 27.799999999999955,
    "pct3ResTime" : 78.57999999999979,
    "throughput" : 0.9931867389706612,
    "receivedKBytesPerSec" : 0.9343811608614901,
    "sentKBytesPerSec" : 0.1309571030232604
  },
  "Total" : {
    "transaction" : "Total",
    "sampleCount" : 100,
    "errorCount" : 0,
    "errorPct" : 0.0,
    "meanResTime" : 16.28,
    "medianResTime" : 16.0,
    "minResTime" : 5.0,
    "maxResTime" : 79.0,
    "pct1ResTime" : 22.900000000000006,
    "pct2ResTime" : 27.799999999999955,
    "pct3ResTime" : 78.57999999999979,
    "throughput" : 0.9931867389706612,
    "receivedKBytesPerSec" : 0.9343811608614901,
    "sentKBytesPerSec" : 0.1309571030232604
  }
}