{
  "Total" : {
    "transaction" : "Total",
    "sampleCount" : 79763,
    "errorCount" : 11,
    "errorPct" : 0.013790855,
    "meanResTime" : 7.215450772914757,
    "medianResTime" : 3.0,
    "minResTime" : 0.0,
    "maxResTime" : 6350.0,
    "pct1ResTime" : 6.0,
    "pct2ResTime" : 10.0,
    "pct3ResTime" : 45.9900000000016,
    "throughput" : 360.3250754413545,
    "receivedKBytesPerSec" : 237.10565957681692,
    "sentKBytesPerSec" : 53.58133443389621
  },
  "GET title/:titleId" : {
    "transaction" : "GET title/:titleId",
    "sampleCount" : 35437,
    "errorCount" : 0,
    "errorPct" : 0.0,
    "meanResTime" : 4.5520218980161795,
    "medianResTime" : 3.0,
    "minResTime" : 1.0,
    "maxResTime" : 66.0,
    "pct1ResTime" : 6.0,
    "pct2ResTime" : 9.0,
    "pct3ResTime" : 25.0,
    "throughput" : 160.9046659038486,
    "receivedKBytesPerSec" : 150.452574702535,
    "sentKBytesPerSec" : 21.219602210810223
  },
  "GET search/:title" : {
    "transaction" : "GET search/:title",
    "sampleCount" : 44326,
    "errorCount" : 11,
    "errorPct" : 0.024816135,
    "meanResTime" : 9.344763795515066,
    "medianResTime" : 3.0,
    "minResTime" : 0.0,
    "maxResTime" : 6350.0,
    "pct1ResTime" : 8.0,
    "pct2ResTime" : 12.0,
    "pct3ResTime" : 62.0,
    "throughput" : 201.15539783170038,
    "receivedKBytesPerSec" : 87.81923870979819,
    "sentKBytesPerSec" : 32.61824313783996
  }
}