{
  "Total" : {
    "transaction" : "Total",
    "sampleCount" : 90019,
    "errorCount" : 10,
    "errorPct" : 0.011108766,
    "meanResTime" : 8.311611993023662,
    "medianResTime" : 3.0,
    "minResTime" : 0.0,
    "maxResTime" : 7737.0,
    "pct1ResTime" : 7.0,
    "pct2ResTime" : 12.0,
    "pct3ResTime" : 30.0,
    "throughput" : 402.2512377786119,
    "receivedKBytesPerSec" : 264.0221821266109,
    "sentKBytesPerSec" : 59.8173637689465
  },
  "GET title/:titleId" : {
    "transaction" : "GET title/:titleId",
    "sampleCount" : 40001,
    "errorCount" : 0,
    "errorPct" : 0.0,
    "meanResTime" : 4.978050548736194,
    "medianResTime" : 4.0,
    "minResTime" : 1.0,
    "maxResTime" : 108.0,
    "pct1ResTime" : 8.0,
    "pct2ResTime" : 13.0,
    "pct3ResTime" : 32.0,
    "throughput" : 179.78623950524064,
    "receivedKBytesPerSec" : 168.07728620579618,
    "sentKBytesPerSec" : 23.709529619323394
  },
  "GET search/:title" : {
    "transaction" : "GET search/:title",
    "sampleCount" : 50018,
    "errorCount" : 10,
    "errorPct" : 0.019992802,
    "meanResTime" : 10.977568075492757,
    "medianResTime" : 3.0,
    "minResTime" : 0.0,
    "maxResTime" : 7737.0,
    "pct1ResTime" : 9.0,
    "pct2ResTime" : 15.0,
    "pct3ResTime" : 56.9900000000016,
    "throughput" : 224.51645337798107,
    "receivedKBytesPerSec" : 97.35634785394625,
    "sentKBytesPerSec" : 36.408973561760206
  }
}