{
  "Total" : {
    "transaction" : "Total",
    "sampleCount" : 100102,
    "errorCount" : 11,
    "errorPct" : 0.0109887915,
    "meanResTime" : 9.84068250384617,
    "medianResTime" : 4.0,
    "minResTime" : 0.0,
    "maxResTime" : 8812.0,
    "pct1ResTime" : 11.0,
    "pct2ResTime" : 17.0,
    "pct3ResTime" : 37.0,
    "throughput" : 448.8456244030831,
    "receivedKBytesPerSec" : 294.54838596337345,
    "sentKBytesPerSec" : 66.75326048331772
  },
  "GET title/:titleId" : {
    "transaction" : "GET title/:titleId",
    "sampleCount" : 44448,
    "errorCount" : 0,
    "errorPct" : 0.0,
    "meanResTime" : 5.454373650108017,
    "medianResTime" : 4.0,
    "minResTime" : 1.0,
    "maxResTime" : 179.0,
    "pct1ResTime" : 9.0,
    "pct2ResTime" : 13.0,
    "pct3ResTime" : 28.0,
    "throughput" : 200.33894638156707,
    "receivedKBytesPerSec" : 187.45504178517018,
    "sentKBytesPerSec" : 26.420205093266595
  },
  "GET search/:title" : {
    "transaction" : "GET search/:title",
    "sampleCount" : 55654,
    "errorCount" : 11,
    "errorPct" : 0.019764977,
    "meanResTime" : 13.343802781471233,
    "medianResTime" : 4.0,
    "minResTime" : 0.0,
    "maxResTime" : 8812.0,
    "pct1ResTime" : 11.0,
    "pct2ResTime" : 17.0,
    "pct3ResTime" : 56.9900000000016,
    "throughput" : 250.67675607503998,
    "receivedKBytesPerSec" : 108.5555038862802,
    "sentKBytesPerSec" : 40.65349874304664
  }
}