{
  "Total" : {
    "transaction" : "Total",
    "sampleCount" : 176645,
    "errorCount" : 20,
    "errorPct" : 0.0113221435,
    "meanResTime" : 7.511998641342772,
    "medianResTime" : 4.0,
    "minResTime" : 0.0,
    "maxResTime" : 7237.0,
    "pct1ResTime" : 7.0,
    "pct2ResTime" : 10.0,
    "pct3ResTime" : 25.0,
    "throughput" : 294.5899971649184,
    "receivedKBytesPerSec" : 256.5569812973209,
    "sentKBytesPerSec" : 43.77187058321382
  },
  "GET title/:titleId" : {
    "transaction" : "GET title/:titleId",
    "sampleCount" : 78449,
    "errorCount" : 0,
    "errorPct" : 0.0,
    "meanResTime" : 5.009445627095278,
    "medianResTime" : 4.0,
    "minResTime" : 1.0,
    "maxResTime" : 180.0,
    "pct1ResTime" : 6.0,
    "pct2ResTime" : 8.0,
    "pct3ResTime" : 14.0,
    "throughput" : 130.8672043773094,
    "receivedKBytesPerSec" : 122.42640255002459,
    "sentKBytesPerSec" : 17.258397732106662
  },
  "Transaction Controller" : {
    "transaction" : "Transaction Controller",
    "sampleCount" : 88394,
    "errorCount" : 17,
    "errorPct" : 0.019232074,
    "meanResTime" : 15.011867321311403,
    "medianResTime" : 8.0,
    "minResTime" : 0.0,
    "maxResTime" : 13868.0,
    "pct1ResTime" : 14.0,
    "pct2ResTime" : 19.0,
    "pct3ResTime" : 55.0,
    "throughput" : 147.32161458116323,
    "receivedKBytesPerSec" : 256.39577987475565,
    "sentKBytesPerSec" : 43.744367578732415
  },
  "GET search/:title" : {
    "transaction" : "GET search/:title",
    "sampleCount" : 98196,
    "errorCount" : 20,
    "errorPct" : 0.020367429,
    "meanResTime" : 9.51129373905256,
    "medianResTime" : 4.0,
    "minResTime" : 0.0,
    "maxResTime" : 7237.0,
    "pct1ResTime" : 7.0,
    "pct2ResTime" : 11.0,
    "pct3ResTime" : 37.0,
    "throughput" : 163.7631707976025,
    "receivedKBytesPerSec" : 134.16809849319657,
    "sentKBytesPerSec" : 26.51886345950032
  }
}