{
  "Total" : {
    "transaction" : "Total",
    "sampleCount" : 410697,
    "errorCount" : 47,
    "errorPct" : 0.01144396,
    "meanResTime" : 79.5883388483505,
    "medianResTime" : 56.0,
    "minResTime" : 2.0,
    "maxResTime" : 18618.0,
    "pct1ResTime" : 127.0,
    "pct2ResTime" : 166.0,
    "pct3ResTime" : 241.0,
    "throughput" : 679.9371546069514,
    "receivedKBytesPerSec" : 592.2085134368036,
    "sentKBytesPerSec" : 101.01882348138808
  },
  "GET title/:titleId" : {
    "transaction" : "GET title/:titleId",
    "sampleCount" : 182454,
    "errorCount" : 0,
    "errorPct" : 0.0,
    "meanResTime" : 71.06239928968424,
    "medianResTime" : 58.0,
    "minResTime" : 2.0,
    "maxResTime" : 1453.0,
    "pct1ResTime" : 134.0,
    "pct2ResTime" : 162.0,
    "pct3ResTime" : 221.0,
    "throughput" : 304.5173393328638,
    "receivedKBytesPerSec" : 284.83476206140534,
    "sentKBytesPerSec" : 40.1588057349856
  },
  "Transaction Controller" : {
    "transaction" : "Transaction Controller",
    "sampleCount" : 205321,
    "errorCount" : 40,
    "errorPct" : 0.019481689,
    "meanResTime" : 159.01455769259084,
    "medianResTime" : 113.0,
    "minResTime" : 2.0,
    "maxResTime" : 64130.0,
    "pct1ResTime" : 262.0,
    "pct2ResTime" : 322.0,
    "pct3ResTime" : 471.9900000000016,
    "throughput" : 342.15490549624883,
    "receivedKBytesPerSec" : 595.9325207325833,
    "sentKBytesPerSec" : 101.65104095929806
  },
  "GET search/:title" : {
    "transaction" : "GET search/:title",
    "sampleCount" : 228243,
    "errorCount" : 47,
    "errorPct" : 0.020592088,
    "meanResTime" : 86.40384590108026,
    "medianResTime" : 59.0,
    "minResTime" : 2.0,
    "maxResTime" : 18618.0,
    "pct1ResTime" : 132.0,
    "pct2ResTime" : 164.0,
    "pct3ResTime" : 249.0,
    "throughput" : 377.8719980398065,
    "receivedKBytesPerSec" : 309.66743651048716,
    "sentKBytesPerSec" : 61.18340403215859
  }
}