{
  "Total" : {
    "transaction" : "Total",
    "sampleCount" : 422384,
    "errorCount" : 46,
    "errorPct" : 0.010890564,
    "meanResTime" : 201.680283817571,
    "medianResTime" : 167.0,
    "minResTime" : 2.0,
    "maxResTime" : 22267.0,
    "pct1ResTime" : 284.0,
    "pct2ResTime" : 324.0,
    "pct3ResTime" : 394.0,
    "throughput" : 699.4699128775898,
    "receivedKBytesPerSec" : 609.4126029517456,
    "sentKBytesPerSec" : 103.90196573457058
  },
  "GET title/:titleId" : {
    "transaction" : "GET title/:titleId",
    "sampleCount" : 187643,
    "errorCount" : 0,
    "errorPct" : 0.0,
    "meanResTime" : 182.95966276386318,
    "medianResTime" : 170.0,
    "minResTime" : 2.0,
    "maxResTime" : 4290.0,
    "pct1ResTime" : 279.0,
    "pct2ResTime" : 313.0,
    "pct3ResTime" : 380.9900000000016,
    "throughput" : 313.2363791762235,
    "receivedKBytesPerSec" : 293.0380463791595,
    "sentKBytesPerSec" : 41.30868373682905
  },
  "Transaction Controller" : {
    "transaction" : "Transaction Controller",
    "sampleCount" : 211153,
    "errorCount" : 42,
    "errorPct" : 0.01989079,
    "meanResTime" : 403.1841745085241,
    "medianResTime" : 333.0,
    "minResTime" : 2.0,
    "maxResTime" : 42605.0,
    "pct1ResTime" : 602.0,
    "pct2ResTime" : 726.9500000000007,
    "pct3ResTime" : 1753.9300000000112,
    "throughput" : 351.8682999745039,
    "receivedKBytesPerSec" : 612.9940018992953,
    "sentKBytesPerSec" : 104.51336592856333
  },
  "GET search/:title" : {
    "transaction" : "GET search/:title",
    "sampleCount" : 234741,
    "errorCount" : 46,
    "errorPct" : 0.019596066,
    "meanResTime" : 216.6448340937438,
    "medianResTime" : 171.0,
    "minResTime" : 2.0,
    "maxResTime" : 22267.0,
    "pct1ResTime" : 284.0,
    "pct2ResTime" : 324.0,
    "pct3ResTime" : 451.9900000000016,
    "throughput" : 388.73221243891413,
    "receivedKBytesPerSec" : 318.7121137161906,
    "sentKBytesPerSec" : 62.92280033147004
  }
}