{
  "Total" : {
    "transaction" : "Total",
    "sampleCount" : 345838,
    "errorCount" : 39,
    "errorPct" : 0.011276957,
    "meanResTime" : 18.055126966960906,
    "medianResTime" : 7.0,
    "minResTime" : 0.0,
    "maxResTime" : 13006.0,
    "pct1ResTime" : 29.0,
    "pct2ResTime" : 45.0,
    "pct3ResTime" : 84.0,
    "throughput" : 574.4330629797144,
    "receivedKBytesPerSec" : 500.4798522181883,
    "sentKBytesPerSec" : 85.33557321140567
  },
  "GET title/:titleId" : {
    "transaction" : "GET title/:titleId",
    "sampleCount" : 153697,
    "errorCount" : 0,
    "errorPct" : 0.0,
    "meanResTime" : 13.65537388498136,
    "medianResTime" : 8.0,
    "minResTime" : 1.0,
    "maxResTime" : 472.0,
    "pct1ResTime" : 28.0,
    "pct2ResTime" : 37.0,
    "pct3ResTime" : 60.0,
    "throughput" : 256.4749936172023,
    "receivedKBytesPerSec" : 239.90814312005332,
    "sentKBytesPerSec" : 33.82315656043132
  },
  "Transaction Controller" : {
    "transaction" : "Transaction Controller",
    "sampleCount" : 172979,
    "errorCount" : 34,
    "errorPct" : 0.019655565,
    "meanResTime" : 36.01453933714479,
    "medianResTime" : 17.0,
    "minResTime" : 1.0,
    "maxResTime" : 33647.0,
    "pct1ResTime" : 58.0,
    "pct2ResTime" : 83.0,
    "pct3ResTime" : 161.0,
    "throughput" : 288.27911472568496,
    "receivedKBytesPerSec" : 502.1477148919239,
    "sentKBytesPerSec" : 85.62003418522099
  },
  "GET search/:title" : {
    "transaction" : "GET search/:title",
    "sampleCount" : 192141,
    "errorCount" : 39,
    "errorPct" : 0.020297594,
    "meanResTime" : 21.574567635226394,
    "medianResTime" : 8.0,
    "minResTime" : 0.0,
    "maxResTime" : 13006.0,
    "pct1ResTime" : 31.0,
    "pct2ResTime" : 44.0,
    "pct3ResTime" : 103.9900000000016,
    "throughput" : 319.14405922421855,
    "receivedKBytesPerSec" : 261.6810906462866,
    "sentKBytesPerSec" : 51.66882145366422
  }
}