{
  "Total" : {
    "transaction" : "Total",
    "sampleCount" : 291744,
    "errorCount" : 29,
    "errorPct" : 0.009940222,
    "meanResTime" : 12.186348305363719,
    "medianResTime" : 5.0,
    "minResTime" : 0.0,
    "maxResTime" : 11037.0,
    "pct1ResTime" : 17.0,
    "pct2ResTime" : 24.0,
    "pct3ResTime" : 48.0,
    "throughput" : 484.8283414790601,
    "receivedKBytesPerSec" : 422.2391561699726,
    "sentKBytesPerSec" : 72.03420571685443
  },
  "GET title/:titleId" : {
    "transaction" : "GET title/:titleId",
    "sampleCount" : 129615,
    "errorCount" : 0,
    "errorPct" : 0.0,
    "meanResTime" : 8.533009296763623,
    "medianResTime" : 6.0,
    "minResTime" : 1.0,
    "maxResTime" : 350.0,
    "pct1ResTime" : 16.0,
    "pct2ResTime" : 23.0,
    "pct3ResTime" : 40.0,
    "throughput" : 216.2556727175654,
    "receivedKBytesPerSec" : 202.2018799219167,
    "sentKBytesPerSec" : 28.519149267030667
  },
  "Transaction Controller" : {
    "transaction" : "Transaction Controller",
    "sampleCount" : 145849,
    "errorCount" : 28,
    "errorPct" : 0.019197937,
    "meanResTime" : 24.32641293392451,
    "medianResTime" : 11.0,
    "minResTime" : 1.0,
    "maxResTime" : 29441.0,
    "pct1ResTime" : 33.0,
    "pct2ResTime" : 48.0,
    "pct3ResTime" : 99.9900000000016,
    "throughput" : 243.06303183422602,
    "receivedKBytesPerSec" : 423.41655661868003,
    "sentKBytesPerSec" : 72.23493073864337
  },
  "GET search/:title" : {
    "transaction" : "GET search/:title",
    "sampleCount" : 162129,
    "errorCount" : 29,
    "errorPct" : 0.01788699,
    "meanResTime" : 15.10703205472174,
    "medianResTime" : 5.0,
    "minResTime" : 0.0,
    "maxResTime" : 11037.0,
    "pct1ResTime" : 18.0,
    "pct2ResTime" : 27.0,
    "pct3ResTime" : 60.9900000000016,
    "throughput" : 269.4305081703772,
    "receivedKBytesPerSec" : 220.83936730521717,
    "sentKBytesPerSec" : 43.62818573721598
  }
}