{
  "Total" : {
    "transaction" : "Total",
    "sampleCount" : 10015,
    "errorCount" : 0,
    "errorPct" : 0.0,
    "meanResTime" : 6.159061407888152,
    "medianResTime" : 3.0,
    "minResTime" : 1.0,
    "maxResTime" : 4195.0,
    "pct1ResTime" : 5.0,
    "pct2ResTime" : 9.0,
    "pct3ResTime" : 33.840000000000146,
    "throughput" : 46.61478454334733,
    "receivedKBytesPerSec" : 30.53207115503663,
    "sentKBytesPerSec" : 6.929541065169936
  },
  "GET title/:titleId" : {
    "transaction" : "GET title/:titleId",
    "sampleCount" : 4458,
    "errorCount" : 0,
    "errorPct" : 0.0,
    "meanResTime" : 4.312471960520421,
    "medianResTime" : 4.0,
    "minResTime" : 1.0,
    "maxResTime" : 51.0,
    "pct1ResTime" : 5.0,
    "pct2ResTime" : 9.0,
    "pct3ResTime" : 15.0,
    "throughput" : 20.86141060197664,
    "receivedKBytesPerSec" : 19.47788308215877,
    "sentKBytesPerSec" : 2.7510605018343814
  },
  "GET search/:title" : {
    "transaction" : "GET search/:title",
    "sampleCount" : 5557,
    "errorCount" : 0,
    "errorPct" : 0.0,
    "meanResTime" : 7.640453482094633,
    "medianResTime" : 3.0,
    "minResTime" : 1.0,
    "maxResTime" : 4195.0,
    "pct1ResTime" : 5.0,
    "pct2ResTime" : 10.0,
    "pct3ResTime" : 56.0,
    "throughput" : 25.9867190422746,
    "receivedKBytesPerSec" : 11.210941153432472,
    "sentKBytesPerSec" : 4.212932822145062
  }
}