{
  "Total" : {
    "transaction" : "Total",
    "sampleCount" : 59119,
    "errorCount" : 6,
    "errorPct" : 0.010149022,
    "meanResTime" : 6.212706574874417,
    "medianResTime" : 4.0,
    "minResTime" : 1.0,
    "maxResTime" : 5488.0,
    "pct1ResTime" : 6.0,
    "pct2ResTime" : 7.0,
    "pct3ResTime" : 19.0,
    "throughput" : 98.45208456497664,
    "receivedKBytesPerSec" : 85.82494449798912,
    "sentKBytesPerSec" : 14.626755807284944
  },
  "GET title/:titleId" : {
    "transaction" : "GET title/:titleId",
    "sampleCount" : 26296,
    "errorCount" : 0,
    "errorPct" : 0.0,
    "meanResTime" : 4.426947064192292,
    "medianResTime" : 4.0,
    "minResTime" : 1.0,
    "maxResTime" : 154.0,
    "pct1ResTime" : 5.900000000001455,
    "pct2ResTime" : 6.0,
    "pct3ResTime" : 9.0,
    "throughput" : 43.85093084840278,
    "receivedKBytesPerSec" : 41.028201946222744,
    "sentKBytesPerSec" : 5.782937848005063
  },
  "Transaction Controller" : {
    "transaction" : "Transaction Controller",
    "sampleCount" : 29564,
    "errorCount" : 5,
    "errorPct" : 0.01691246,
    "meanResTime" : 12.265221214991291,
    "medianResTime" : 7.0,
    "minResTime" : 2.0,
    "maxResTime" : 10446.0,
    "pct1ResTime" : 12.0,
    "pct2ResTime" : 15.0,
    "pct3ResTime" : 43.0,
    "throughput" : 49.27431881970973,
    "receivedKBytesPerSec" : 85.89532467732687,
    "sentKBytesPerSec" : 14.638627733492168
  },
  "GET search/:title" : {
    "transaction" : "GET search/:title",
    "sampleCount" : 32823,
    "errorCount" : 6,
    "errorPct" : 0.018279865,
    "meanResTime" : 7.64335983913724,
    "medianResTime" : 3.0,
    "minResTime" : 1.0,
    "maxResTime" : 5488.0,
    "pct1ResTime" : 6.0,
    "pct2ResTime" : 8.0,
    "pct3ResTime" : 32.9900000000016,
    "throughput" : 54.660815840528905,
    "receivedKBytesPerSec" : 44.852564164279705,
    "sentKBytesPerSec" : 8.851686032956692
  }
}