{
  "Total" : {
    "transaction" : "Total",
    "sampleCount" : 417309,
    "errorCount" : 45,
    "errorPct" : 0.010783376,
    "meanResTime" : 140.63142898907662,
    "medianResTime" : 109.0,
    "minResTime" : 1.0,
    "maxResTime" : 21291.0,
    "pct1ResTime" : 215.0,
    "pct2ResTime" : 251.0,
    "pct3ResTime" : 318.0,
    "throughput" : 694.8907564704374,
    "receivedKBytesPerSec" : 605.2720321869188,
    "sentKBytesPerSec" : 103.2394798412343
  },
  "GET title/:titleId" : {
    "transaction" : "GET title/:titleId",
    "sampleCount" : 185427,
    "errorCount" : 0,
    "errorPct" : 0.0,
    "meanResTime" : 128.24327632976755,
    "medianResTime" : 110.0,
    "minResTime" : 2.0,
    "maxResTime" : 3355.0,
    "pct1ResTime" : 213.0,
    "pct2ResTime" : 241.0,
    "pct3ResTime" : 295.0,
    "throughput" : 309.52373003578873,
    "receivedKBytesPerSec" : 289.56836704311,
    "sentKBytesPerSec" : 40.81906610609826
  },
  "Transaction Controller" : {
    "transaction" : "Transaction Controller",
    "sampleCount" : 208558,
    "errorCount" : 40,
    "errorPct" : 0.019179316,
    "meanResTime" : 281.3007988185549,
    "medianResTime" : 218.0,
    "minResTime" : 2.0,
    "maxResTime" : 50457.0,
    "pct1ResTime" : 439.0,
    "pct2ResTime" : 507.0,
    "pct3ResTime" : 694.9900000000016,
    "throughput" : 347.5451141414024,
    "receivedKBytesPerSec" : 605.5963970813078,
    "sentKBytesPerSec" : 103.29300665453374
  },
  "GET search/:title" : {
    "transaction" : "GET search/:title",
    "sampleCount" : 231882,
    "errorCount" : 45,
    "errorPct" : 0.019406423,
    "meanResTime" : 150.53775196005142,
    "medianResTime" : 111.0,
    "minResTime" : 1.0,
    "maxResTime" : 21291.0,
    "pct1ResTime" : 220.0,
    "pct2ResTime" : 247.0,
    "pct3ResTime" : 328.0,
    "throughput" : 386.12313271910733,
    "receivedKBytesPerSec" : 316.4110243568694,
    "sentKBytesPerSec" : 62.52012677621687
  }
}